{
  "project_info": {
    "project_number": "370131211136",
    "firebase_url": "https://cetakoo-kober-id.firebaseio.com",
    "project_id": "cetakoo-kober-id",
    "storage_bucket": "cetakoo-kober-id.appspot.com"
  },
  "client": [
    {
      "client_info": {
        "mobilesdk_app_id": "1:370131211136:android:53c42820c17b15db",
        "android_client_info": {
          "package_name": "com.kober.cetakoo"
        }
      },
      "oauth_client": [
        {
          "client_id": "370131211136-3br8hf4tih9a606o4lcg5h9ids11nnva.apps.googleusercontent.com",
          "client_type": 1,
          "android_info": {
            "package_name": "com.kober.cetakoo",
            "certificate_hash": "f9b5b425314925c52ce54c404a1c14cef1bf79ae"
          }
        },
        {
          "client_id": "370131211136-dfnubmfqpri5b6s4r0ckbkrn9r9a06u2.apps.googleusercontent.com",
          "client_type": 3
        }
      ],
      "api_key": [
        {
          "current_key": "AIzaSyB9CMZWMhSi1C_y2kor-rzVNrO5a7Ght34"
        }
      ],
      "services": {
        "analytics_service": {
          "status": 1
        },
        "appinvite_service": {
          "status": 2,
          "other_platform_oauth_client": [
            {
              "client_id": "370131211136-dfnubmfqpri5b6s4r0ckbkrn9r9a06u2.apps.googleusercontent.com",
              "client_type": 3
            }
          ]
        },
        "ads_service": {
          "status": 2
        }
      }
    },
    {
      "client_info": {
        "mobilesdk_app_id": "1:370131211136:android:390b24867b6319cf",
        "android_client_info": {
          "package_name": "com.kober.cetakoomitra"
        }
      },
      "oauth_client": [
        {
          "client_id": "370131211136-dfnubmfqpri5b6s4r0ckbkrn9r9a06u2.apps.googleusercontent.com",
          "client_type": 3
        }
      ],
      "api_key": [
        {
          "current_key": "AIzaSyB9CMZWMhSi1C_y2kor-rzVNrO5a7Ght34"
        }
      ],
      "services": {
        "analytics_service": {
          "status": 1
        },
        "appinvite_service": {
          "status": 1,
          "other_platform_oauth_client": []
        },
        "ads_service": {
          "status": 2
        }
      }
    }
  ],
  "configuration_version": "1"
}